"mean.max.canopy.ht.aop","max.canopy.ht.aop","rumple.aop","deepgaps.aop","deepgap.fraction.aop","cover.fraction.aop","top.rugosity.aop","vert.sd.aop","sd.sd.aop","entropy.aop","GFP.AOP.aop","VAI.AOP.aop","VCI.AOP.aop","all_SR","exotic_SR","Site.ID","Dominant.NLCD.Classes"
3.01692660731035,15.3796356669079,2.55266198269924,747,0.466875,0.533125,3.9498315071176,4.00440190935786,1.43954670632132,0.611629778627251,0.967531107723254,0.9325348574512,0.376289600697366,229,0,"NIWO","Evergreen Forest, Grassland/Herbaceous"
33.6775699287034,51.1327758149353,3.97376429944005,14,0.00875,0.99125,8.38340581599124,13.2656379706543,4.05141567395712,0.848842739882119,0.96520619205322,3.59168309202089,0.731819526732278,102,1,"WREF","Evergreen Forest"
0.46624354582587,93.8906846682026,1.38093020138936,7,0.004375,0.995625,3.61023594620364,2.33550440394518,NA,0.00371422632925196,0.999999335548173,0.000265798392310937,0.00399938270702523,162,23,"ONAQ","Evergreen Forest, Shrub/Scrub"
2.72975108873932,75.6627921431951,1.85091306763164,12,0.0075,0.9925,4.03993783825477,3.56484066997228,NA,0.407610016246647,0.994877521798611,1.27537768951904,0.425136580191268,194,44,"SJER","Evergreen Forest, Grassland/Herbaceous, Shrub/Scrub"
